performance_metric_2,unit_serial_number,process_end_date
0.0462,Unit_1218,2022-04-22 6:46
0.05039999999999999,Unit_1,2022-04-22 11:27
0.08819999999999999,Unit_2,2022-02-21 22:46
0.0672,Unit_1034,2022-05-02 3:00
0.0672,Unit_5,2022-05-02 7:45
0.105,Unit_7,2022-02-21 11:50
0.0462,Unit_8,2022-04-21 6:08
0.0798,Unit_3,2022-04-21 2:28
0.0756,Unit_9,2022-04-21 4:04
0.1134,Unit_12,2022-04-29 6:18
0.063,Unit_13,2022-03-10 0:47
0.063,Unit_24,2022-03-10 1:43
0.0672,Unit_28,2022-03-10 3:36
0.058800000000000005,Unit_60,2022-03-12 11:47
0.0714,Unit_61,2022-03-12 14:40
0.058800000000000005,Unit_62,2022-03-12 19:01
0.0546,Unit_980,2022-04-29 5:10
0.0714,Unit_6,2022-05-02 18:02
0.042,Unit_15,2022-05-06 10:34
0.08819999999999999,Unit_19,2022-03-08 13:09
0.0924,Unit_1288,2022-04-21 5:13
0.063,Unit_65,2022-03-12 22:03
0.063,Unit_67,2022-03-13 1:34
0.0756,Unit_75,2022-03-13 7:13
0.0714,Unit_76,2022-03-13 13:44
0.0546,Unit_78,2022-03-13 15:37
0.084,Unit_80,2022-03-13 17:42
0.058800000000000005,Unit_82,2022-03-14 3:05
0.058800000000000005,Unit_83,2022-03-14 2:38
0.0546,Unit_84,2022-03-14 3:49
0.0756,Unit_86,2022-03-14 4:28
0.10079999999999999,Unit_88,2022-03-14 7:41
0.0672,Unit_90,2022-03-14 9:40
0.0756,Unit_783,2022-03-16 2:21
0.20579999999999998,Unit_95,2022-03-16 16:01
0.0966,Unit_96,2022-03-16 15:28
0.0798,Unit_784,2022-03-17 20:08
0.063,Unit_786,2022-03-18 17:45
0.10079999999999999,Unit_100,2022-03-19 2:15
0.0798,Unit_101,2022-03-19 6:11
0.05039999999999999,Unit_790,2022-03-19 10:36
0.0378,Unit_102,2022-03-19 19:22
0.0714,Unit_791,2022-03-19 21:28
0.063,Unit_103,2022-03-19 19:37
0.058800000000000005,Unit_104,2022-03-19 19:27
0.05039999999999999,Unit_766,2022-03-25 11:53
0.042,Unit_768,2022-04-27 3:09
0.0714,Unit_106,2022-03-25 12:17
0.0966,Unit_793,2022-03-20 6:28
0.0756,Unit_794,2022-03-20 7:34
0.05039999999999999,Unit_795,2022-03-20 13:49
0.0336,Unit_110,2022-03-21 3:45
0.0672,Unit_111,2022-03-21 3:46
0.0714,Unit_112,2022-03-21 6:17
0.05039999999999999,Unit_114,2022-03-21 10:55
0.1848,Unit_796,2022-03-21 11:59
0.042,Unit_116,2022-03-21 14:53
0.0714,Unit_117,2022-03-21 17:05
0.0714,Unit_118,2022-03-21 23:47
0.0966,Unit_119,2022-03-22 7:03
0.10079999999999999,Unit_120,2022-03-22 7:15
0.0924,Unit_802,2022-03-22 8:11
0.0462,Unit_121,2022-03-22 18:35
0.058800000000000005,Unit_122,2022-03-22 17:50
0.0756,Unit_804,2022-03-22 19:03
0.0462,Unit_805,2022-03-22 20:16
0.08819999999999999,Unit_123,2022-03-22 19:55
0.0924,Unit_806,2022-03-23 4:28
0.063,Unit_124,2022-03-22 23:46
0.11760000000000001,Unit_125,2022-03-23 13:56
0.105,Unit_126,2022-03-23 13:49
0.063,Unit_129,2022-03-23 17:55
0.0714,Unit_808,2022-03-23 19:08
0.0924,Unit_809,2022-03-23 20:46
0.0462,Unit_810,2022-03-23 19:37
0.0714,Unit_131,2022-03-23 22:12
0.0756,Unit_132,2022-03-23 22:31
0.0756,Unit_811,2022-03-24 1:57
0.0798,Unit_812,2022-03-23 23:14
0.0462,Unit_133,2022-03-24 4:46
0.058800000000000005,Unit_813,2022-03-24 10:24
0.0966,Unit_134,2022-03-24 7:29
0.063,Unit_814,2022-03-24 7:35
0.063,Unit_815,2022-03-24 13:29
0.0756,Unit_816,2022-03-24 18:30
0.1134,Unit_135,2022-03-24 18:52
0.058800000000000005,Unit_137,2022-03-24 21:37
0.0714,Unit_821,2022-03-25 15:48
0.10079999999999999,Unit_824,2022-03-25 17:50
0.084,Unit_825,2022-03-25 18:34
0.12179999999999999,Unit_826,2022-03-25 19:42
0.126,Unit_827,2022-03-25 19:39
0.11760000000000001,Unit_189,2022-05-12 13:42
0.105,Unit_94,2022-03-16 7:36
0.0756,Unit_785,2022-03-18 9:11
0.058800000000000005,Unit_97,2022-03-18 18:16
0.0336,Unit_98,2022-03-18 16:08
0.063,Unit_787,2022-03-19 0:36
0.0756,Unit_99,2022-03-19 0:31
0.084,Unit_788,2022-03-19 2:44
0.042,Unit_789,2022-03-19 7:14
0.0462,Unit_105,2022-03-19 18:31
0.1092,Unit_792,2022-03-19 18:06
0.12179999999999999,Unit_107,2022-03-20 9:22
0.13019999999999998,Unit_108,2022-03-20 16:28
0.1134,Unit_109,2022-03-20 22:05
0.0462,Unit_113,2022-03-21 12:02
0.05039999999999999,Unit_797,2022-03-21 13:53
0.0756,Unit_115,2022-03-21 23:50
0.147,Unit_798,2022-03-21 23:01
0.0798,Unit_799,2022-03-22 6:42
0.189,Unit_801,2022-03-22 8:58
0.0378,Unit_807,2022-03-23 15:28
0.0546,Unit_127,2022-03-23 17:20
0.05039999999999999,Unit_128,2022-03-23 17:24
0.0546,Unit_141,2022-03-26 18:10
0.10079999999999999,Unit_818,2022-03-27 1:06
0.0756,Unit_831,2022-03-25 20:28
0.0756,Unit_145,2022-03-26 1:16
0.0672,Unit_832,2022-03-26 5:19
0.0672,Unit_833,2022-03-26 1:50
0.0672,Unit_146,2022-03-26 3:51
0.063,Unit_148,2022-03-26 11:18
0.084,Unit_834,2022-03-26 6:53
0.0336,Unit_149,2022-03-26 6:39
0.05039999999999999,Unit_150,2022-03-26 5:46
0.11760000000000001,Unit_835,2022-03-26 7:26
0.0798,Unit_151,2022-03-26 9:29
0.084,Unit_152,2022-03-26 12:56
0.0672,Unit_153,2022-03-26 13:06
0.058800000000000005,Unit_154,2022-03-26 12:06
0.1344,Unit_155,2022-03-26 15:31
0.0756,Unit_156,2022-03-26 14:20
0.08819999999999999,Unit_157,2022-03-26 13:54
0.0672,Unit_837,2022-03-27 2:03
0.0378,Unit_838,2022-03-27 1:50
0.063,Unit_839,2022-03-30 14:42
0.0798,Unit_158,2022-03-30 16:14
0.0546,Unit_841,2022-03-30 22:30
0.0798,Unit_842,2022-03-30 23:31
0.13019999999999998,Unit_843,2022-03-30 23:40
0.058800000000000005,Unit_844,2022-03-31 6:38
0.0798,Unit_845,2022-03-31 2:05
0.05039999999999999,Unit_846,2022-03-31 2:20
0.0672,Unit_165,2022-03-31 5:28
0.0798,Unit_166,2022-03-31 8:38
0.08819999999999999,Unit_167,2022-03-31 3:52
0.05039999999999999,Unit_171,2022-03-31 8:32
0.0966,Unit_172,2022-03-31 7:21
0.0672,Unit_847,2022-03-31 8:19
0.063,Unit_848,2022-03-31 11:21
0.0756,Unit_173,2022-03-31 11:24
0.0798,Unit_175,2022-03-31 11:27
0.1092,Unit_176,2022-03-31 11:30
0.058800000000000005,Unit_849,2022-03-31 11:11
0.0756,Unit_850,2022-03-31 12:52
0.0924,Unit_177,2022-03-31 11:23
0.08819999999999999,Unit_178,2022-03-31 12:13
0.042,Unit_180,2022-03-31 15:06
0.1134,Unit_851,2022-03-31 12:17
0.0672,Unit_852,2022-03-31 13:26
0.0546,Unit_181,2022-03-31 13:09
0.0714,Unit_183,2022-03-31 15:33
0.0924,Unit_853,2022-03-31 14:38
0.10079999999999999,Unit_186,2022-03-31 18:06
0.0714,Unit_194,2022-03-31 21:03
0.0798,Unit_856,2022-03-31 19:44
0.0756,Unit_195,2022-03-31 21:18
0.084,Unit_188,2022-03-31 20:11
0.12179999999999999,Unit_196,2022-04-01 1:51
0.0714,Unit_860,2022-04-01 2:37
0.058800000000000005,Unit_861,2022-04-01 3:21
0.042,Unit_862,2022-04-01 5:32
0.0672,Unit_863,2022-04-01 4:14
0.10079999999999999,Unit_197,2022-04-01 6:11
0.0924,Unit_198,2022-04-01 3:49
0.0714,Unit_199,2022-04-01 6:44
0.0924,Unit_200,2022-04-01 8:27
0.0462,Unit_201,2022-04-01 14:52
0.12179999999999999,Unit_202,2022-04-01 8:29
0.0798,Unit_864,2022-04-01 8:08
0.042,Unit_204,2022-04-01 11:40
0.084,Unit_206,2022-04-01 16:23
0.05039999999999999,Unit_207,2022-04-01 15:57
0.042,Unit_865,2022-04-01 15:10
0.0798,Unit_866,2022-04-01 17:25
0.0756,Unit_867,2022-04-01 18:49
0.058800000000000005,Unit_868,2022-04-01 18:16
0.058800000000000005,Unit_1310,2022-05-03 22:37
0.084,Unit_190,2022-05-01 23:33
0.063,Unit_191,2022-05-02 1:10
0.0546,Unit_35,2022-03-11 2:50
0.0798,Unit_38,2022-03-11 6:51
0.042,Unit_42,2022-03-11 17:46
0.1092,Unit_46,2022-03-12 2:29
0.10079999999999999,Unit_58,2022-03-12 14:21
0.0546,Unit_63,2022-03-12 19:52
0.08819999999999999,Unit_68,2022-03-12 21:47
0.063,Unit_87,2022-03-14 6:35
0.105,Unit_91,2022-03-14 10:34
0.0798,Unit_782,2022-05-02 23:09
0.063,Unit_193,2022-04-26 15:39
0.105,Unit_829,2022-04-26 16:12
0.05039999999999999,Unit_871,2022-04-01 19:45
0.10079999999999999,Unit_208,2022-04-01 19:31
0.063,Unit_872,2022-04-01 20:14
0.063,Unit_873,2022-04-02 3:17
0.084,Unit_874,2022-04-02 1:24
0.12179999999999999,Unit_875,2022-04-02 2:29
0.126,Unit_210,2022-04-02 1:26
0.063,Unit_212,2022-04-02 5:04
0.05039999999999999,Unit_878,2022-04-02 6:04
0.0924,Unit_879,2022-04-02 5:49
0.1092,Unit_880,2022-04-02 6:49
0.11760000000000001,Unit_881,2022-04-02 14:28
0.0798,Unit_884,2022-04-02 15:10
0.0462,Unit_885,2022-04-02 15:48
0.084,Unit_216,2022-04-02 14:56
0.05039999999999999,Unit_217,2022-04-02 18:37
0.0336,Unit_218,2022-04-02 22:10
0.0378,Unit_220,2022-04-02 21:40
0.084,Unit_887,2022-04-02 22:08
0.0378,Unit_221,2022-04-03 16:30
0.1386,Unit_888,2022-04-03 14:27
0.0756,Unit_222,2022-04-03 13:43
0.12179999999999999,Unit_890,2022-04-03 21:25
0.063,Unit_891,2022-04-04 2:10
0.058800000000000005,Unit_894,2022-04-04 5:19
0.1386,Unit_895,2022-04-04 3:46
0.0714,Unit_225,2022-04-04 8:00
0.058800000000000005,Unit_226,2022-04-04 7:06
0.0798,Unit_227,2022-04-04 7:15
0.08819999999999999,Unit_228,2022-04-04 7:44
0.0336,Unit_897,2022-04-04 6:33
0.0336,Unit_229,2022-04-04 13:54
0.1848,Unit_899,2022-04-04 16:38
0.105,Unit_231,2022-04-05 5:11
0.15539999999999998,Unit_901,2022-04-05 8:57
0.05039999999999999,Unit_902,2022-04-05 11:09
0.10079999999999999,Unit_903,2022-04-06 19:03
0.13019999999999998,Unit_233,2022-04-08 17:18
0.0672,Unit_904,2022-04-08 16:57
0.252,Unit_235,2022-04-08 21:48
0.12179999999999999,Unit_906,2022-04-09 0:24
0.1134,Unit_236,2022-04-09 3:41
0.0924,Unit_237,2022-04-09 1:09
0.0966,Unit_238,2022-04-09 2:42
0.0756,Unit_907,2022-04-09 3:57
0.058800000000000005,Unit_240,2022-04-09 6:44
0.10079999999999999,Unit_910,2022-04-09 7:41
0.058800000000000005,Unit_911,2022-04-09 7:31
0.126,Unit_912,2022-04-09 9:02
0.058800000000000005,Unit_913,2022-04-09 8:57
0.058800000000000005,Unit_241,2022-04-09 8:29
0.05039999999999999,Unit_914,2022-04-09 6:32
0.1428,Unit_915,2022-04-09 12:22
0.058800000000000005,Unit_916,2022-04-09 11:15
0.0672,Unit_242,2022-04-09 11:32
0.0924,Unit_243,2022-04-09 10:21
0.0462,Unit_918,2022-04-09 11:39
0.0672,Unit_244,2022-04-09 10:58
0.0672,Unit_919,2022-04-09 11:11
0.0546,Unit_920,2022-04-09 12:21
0.042,Unit_246,2022-04-09 11:00
0.08819999999999999,Unit_922,2022-04-09 11:37
0.0378,Unit_247,2022-04-09 12:29
0.08819999999999999,Unit_248,2022-04-09 14:46
0.10079999999999999,Unit_923,2022-04-09 14:07
0.13019999999999998,Unit_924,2022-04-09 14:39
0.168,Unit_925,2022-04-09 16:30
0.0462,Unit_249,2022-04-09 16:05
0.0462,Unit_926,2022-04-09 15:25
0.0924,Unit_927,2022-04-09 15:29
0.058800000000000005,Unit_250,2022-04-09 16:05
0.0462,Unit_251,2022-04-09 19:35
0.0756,Unit_252,2022-04-09 17:01
0.042,Unit_930,2022-04-09 17:30
0.10079999999999999,Unit_931,2022-04-09 20:01
0.05039999999999999,Unit_254,2022-04-09 18:51
0.0714,Unit_256,2022-04-09 22:59
0.105,Unit_257,2022-04-09 22:58
0.0798,Unit_258,2022-04-10 0:35
0.0966,Unit_932,2022-04-10 5:32
0.042,Unit_259,2022-04-10 3:34
0.0378,Unit_260,2022-04-10 3:41
0.05039999999999999,Unit_261,2022-04-10 3:57
0.084,Unit_262,2022-04-10 7:55
0.0672,Unit_263,2022-04-10 3:12
0.0756,Unit_264,2022-04-16 22:36
0.0756,Unit_265,2022-05-18 14:34
0.0756,Unit_266,2022-05-18 15:16
0.147,Unit_268,2022-05-19 9:21
0.105,Unit_269,2022-05-19 14:45
0.10079999999999999,Unit_942,2022-05-19 19:47
0.0756,Unit_943,2022-05-20 6:10
0.058800000000000005,Unit_944,2022-05-20 5:52
0.1344,Unit_270,2022-05-20 3:20
0.1974,Unit_271,2022-05-21 14:11
0.0462,Unit_946,2022-05-21 16:39
0.0672,Unit_948,2022-05-21 23:38
0.0546,Unit_273,2022-05-22 4:36
0.0546,Unit_274,2022-05-22 6:10
0.084,Unit_276,2022-05-22 11:33
0.12179999999999999,Unit_277,2022-05-22 11:04
0.0756,Unit_278,2022-05-23 6:47
0.0462,Unit_950,2022-05-23 10:57
0.1134,Unit_951,2022-05-23 7:35
0.05039999999999999,Unit_952,2022-05-23 11:23
0.08819999999999999,Unit_279,2022-05-23 12:19
0.0924,Unit_953,2022-05-23 19:19
0.063,Unit_954,2022-05-23 23:43
0.0966,Unit_956,2022-05-24 4:08
0.0966,Unit_957,2022-05-24 11:49
0.08819999999999999,Unit_284,2022-05-24 12:00
0.0462,Unit_285,2022-05-24 11:44
0.0924,Unit_286,2022-05-24 11:42
0.105,Unit_287,2022-05-24 20:08
0.0546,Unit_288,2022-05-25 2:55
0.0672,Unit_289,2022-05-25 8:04
0.058800000000000005,Unit_958,2022-05-25 7:05
0.11760000000000001,Unit_959,2022-05-25 10:44
0.105,Unit_290,2022-05-25 16:13
0.0546,Unit_291,2022-05-25 18:41
0.0462,Unit_961,2022-05-25 18:20
0.0798,Unit_293,2022-05-25 21:59
0.0756,Unit_962,2022-05-26 0:16
0.058800000000000005,Unit_295,2022-05-26 4:12
0.0714,Unit_963,2022-05-26 3:15
0.105,Unit_296,2022-05-26 7:34
0.0462,Unit_297,2022-05-26 10:54
0.042,Unit_964,2022-05-26 13:20
0.0756,Unit_298,2022-05-26 14:33
0.0756,Unit_966,2022-05-27 3:08
0.0546,Unit_968,2022-05-27 2:46
0.05039999999999999,Unit_970,2022-05-27 15:03
0.0966,Unit_971,2022-05-27 14:16
0.0798,Unit_972,2022-05-27 15:30
0.0546,Unit_973,2022-05-27 19:47
0.0546,Unit_303,2022-05-28 0:21
0.063,Unit_974,2022-05-27 22:57
0.0714,Unit_304,2022-05-28 0:06
0.0714,Unit_975,2022-05-27 23:36
0.12179999999999999,Unit_976,2022-05-28 3:05
0.1428,Unit_978,2022-05-28 2:42
0.063,Unit_305,2022-05-28 2:48
0.084,Unit_306,2022-05-28 4:59
0.0378,Unit_307,2022-05-28 6:39
0.0672,Unit_308,2022-05-29 15:36
0.0462,Unit_309,2022-05-29 15:21
0.11760000000000001,Unit_981,2022-04-29 4:58
0.0714,Unit_310,2022-05-29 21:43
0.058800000000000005,Unit_984,2022-04-26 17:53
0.084,Unit_312,2022-05-29 22:28
0.042,Unit_313,2022-05-30 0:38
0.0798,Unit_988,2022-06-02 4:22
0.084,Unit_991,2022-06-03 22:14
0.0672,Unit_992,2022-06-03 22:50
0.0378,Unit_318,2022-06-05 10:56
0.058800000000000005,Unit_993,2022-06-05 11:38
0.08819999999999999,Unit_319,2022-06-05 17:40
0.0924,Unit_320,2022-06-06 4:40
0.10079999999999999,Unit_323,2022-06-06 6:21
0.0798,Unit_997,2022-06-06 8:57
0.08819999999999999,Unit_998,2022-06-06 7:11
0.058800000000000005,Unit_1000,2022-06-06 18:25
0.08819999999999999,Unit_324,2022-06-06 18:48
0.0966,Unit_396,2022-05-05 21:11
0.058800000000000005,Unit_362,2022-05-06 5:39
0.058800000000000005,Unit_363,2022-05-15 11:25
0.05039999999999999,Unit_1083,2022-04-30 18:54
0.0798,Unit_365,2022-05-01 23:27
0.105,Unit_366,2022-05-02 2:34
0.0672,Unit_1089,2022-05-02 2:02
0.058800000000000005,Unit_367,2022-05-02 6:32
0.0966,Unit_1102,2022-05-03 20:11
0.0756,Unit_1108,2022-04-30 1:35
0.0672,Unit_370,2022-05-16 16:19
0.063,Unit_1211,2022-05-02 10:32
0.10079999999999999,Unit_1302,2022-05-02 22:51
0.084,Unit_380,2022-05-06 2:02
0.058800000000000005,Unit_1329,2022-05-17 14:50
0.0672,Unit_382,2022-04-28 10:58
0.05039999999999999,Unit_386,2022-05-01 23:07
0.0336,Unit_192,2022-05-03 6:27
0.0546,Unit_387,2022-05-03 6:22
0.1428,Unit_389,2022-05-07 6:16
0.0756,Unit_390,2022-04-29 4:29
0.08819999999999999,Unit_781,2022-04-29 5:11
0.0672,Unit_800,2022-03-22 6:59
0.0462,Unit_130,2022-03-23 19:35
0.11760000000000001,Unit_136,2022-03-24 21:27
0.15539999999999998,Unit_138,2022-03-24 20:15
0.084,Unit_139,2022-03-25 3:14
0.0672,Unit_140,2022-03-25 3:23
0.0462,Unit_142,2022-03-26 18:31
0.0672,Unit_819,2022-03-26 18:25
0.058800000000000005,Unit_820,2022-03-25 11:28
0.063,Unit_822,2022-03-25 16:46
0.0756,Unit_823,2022-03-25 16:56
0.0546,Unit_143,2022-03-25 21:01
0.0756,Unit_144,2022-03-25 21:54
0.0714,Unit_830,2022-03-25 21:54
0.0756,Unit_147,2022-03-26 2:14
0.0546,Unit_836,2022-03-26 13:03
0.0378,Unit_159,2022-03-30 19:45
0.042,Unit_160,2022-03-30 20:22
0.0546,Unit_161,2022-03-31 2:14
0.0798,Unit_162,2022-03-31 3:21
0.0546,Unit_163,2022-03-31 4:37
0.0924,Unit_164,2022-03-31 10:32
0.0966,Unit_168,2022-03-31 7:58
0.08819999999999999,Unit_169,2022-03-31 6:47
0.084,Unit_170,2022-03-31 8:23
0.05039999999999999,Unit_174,2022-03-31 10:21
0.11760000000000001,Unit_179,2022-03-31 13:01
0.0546,Unit_182,2022-03-31 12:32
0.10079999999999999,Unit_854,2022-03-31 15:59
0.0714,Unit_184,2022-03-31 17:04
0.084,Unit_855,2022-03-31 17:57
0.05039999999999999,Unit_185,2022-03-31 18:06
0.0336,Unit_187,2022-03-31 20:25
0.063,Unit_857,2022-04-01 0:22
0.10079999999999999,Unit_858,2022-04-01 3:51
0.0546,Unit_859,2022-04-01 2:50
0.0546,Unit_203,2022-04-01 10:33
0.0798,Unit_205,2022-04-01 14:46
0.058800000000000005,Unit_869,2022-04-01 17:46
0.1344,Unit_870,2022-04-01 18:43
0.063,Unit_209,2022-04-01 20:41
0.0924,Unit_876,2022-04-02 1:22
0.063,Unit_877,2022-04-02 3:48
0.058800000000000005,Unit_211,2022-04-02 4:48
0.063,Unit_213,2022-04-02 5:11
0.042,Unit_214,2022-04-02 7:41
0.08819999999999999,Unit_882,2022-04-02 15:07
0.0714,Unit_883,2022-04-02 15:10
0.063,Unit_215,2022-04-02 15:53
0.0798,Unit_886,2022-04-02 20:05
0.08819999999999999,Unit_219,2022-04-02 19:28
0.08819999999999999,Unit_889,2022-04-04 0:12
0.0756,Unit_892,2022-04-04 1:44
0.058800000000000005,Unit_893,2022-04-04 1:04
0.0378,Unit_223,2022-04-04 4:31
0.042,Unit_896,2022-04-04 3:53
0.063,Unit_224,2022-04-04 7:18
0.12179999999999999,Unit_230,2022-04-04 17:31
0.08819999999999999,Unit_900,2022-04-05 2:51
0.0714,Unit_232,2022-04-06 3:33
0.0756,Unit_234,2022-04-08 17:13
0.0798,Unit_905,2022-04-08 17:59
0.0798,Unit_908,2022-04-09 2:47
0.126,Unit_239,2022-04-09 3:03
0.1134,Unit_909,2022-04-09 6:04
0.05039999999999999,Unit_917,2022-04-09 10:32
0.0672,Unit_245,2022-04-09 11:57
0.105,Unit_921,2022-04-09 14:18
0.0546,Unit_928,2022-04-09 17:55
0.0798,Unit_929,2022-04-09 16:26
0.10079999999999999,Unit_253,2022-04-09 18:21
0.063,Unit_255,2022-04-09 20:13
0.0714,Unit_933,2022-04-10 2:41
0.0546,Unit_934,2022-04-16 7:06
0.0672,Unit_935,2022-04-16 20:02
0.084,Unit_939,2022-05-10 10:48
0.05039999999999999,Unit_940,2022-05-17 21:04
0.042,Unit_941,2022-05-18 15:13
0.0966,Unit_267,2022-05-18 18:45
0.1428,Unit_945,2022-05-20 4:58
0.0672,Unit_272,2022-05-21 18:37
0.063,Unit_947,2022-05-21 22:55
0.0756,Unit_949,2022-05-22 1:58
0.08819999999999999,Unit_275,2022-05-22 8:32
0.10079999999999999,Unit_280,2022-05-24 2:02
0.063,Unit_281,2022-05-24 3:52
0.0756,Unit_955,2022-05-24 6:19
0.084,Unit_282,2022-05-24 10:29
0.042,Unit_283,2022-05-24 11:41
0.0924,Unit_960,2022-05-25 13:42
0.11760000000000001,Unit_292,2022-05-25 23:25
0.0798,Unit_294,2022-05-26 5:14
0.0966,Unit_965,2022-05-27 4:39
0.042,Unit_967,2022-05-27 3:02
0.058800000000000005,Unit_299,2022-05-27 3:35
0.058800000000000005,Unit_300,2022-05-27 7:56
0.1344,Unit_301,2022-05-27 9:53
0.1344,Unit_302,2022-05-27 13:14
0.084,Unit_969,2022-05-27 12:57
0.0966,Unit_977,2022-05-28 1:40
0.063,Unit_982,2022-05-29 19:38
0.1344,Unit_311,2022-04-26 19:11
0.0546,Unit_314,2022-05-29 23:27
0.0672,Unit_315,2022-05-30 2:28
0.0546,Unit_316,2022-05-30 14:46
0.042,Unit_986,2022-05-31 8:35
0.084,Unit_989,2022-04-29 16:26
0.0672,Unit_317,2022-06-03 22:24
0.084,Unit_994,2022-06-05 11:41
0.0756,Unit_995,2022-04-29 19:21
0.0756,Unit_996,2022-04-29 19:47
0.0546,Unit_321,2022-06-06 7:02
0.08819999999999999,Unit_322,2022-06-06 8:39
0.084,Unit_999,2022-06-06 9:26
0.0714,Unit_1001,2022-06-06 19:43
0.0714,Unit_325,2022-06-06 19:57
0.0714,Unit_1002,2022-06-07 5:38
0.0714,Unit_328,2022-06-07 14:39
0.0672,Unit_330,2022-06-07 17:42
0.063,Unit_331,2022-02-26 11:22
0.0756,Unit_1014,2022-06-08 0:07
0.084,Unit_1018,2022-06-08 2:34
0.084,Unit_1019,2022-06-08 5:25
0.168,Unit_332,2022-06-08 3:44
0.05039999999999999,Unit_1020,2022-06-08 3:51
0.0546,Unit_1021,2022-06-08 8:05
0.08819999999999999,Unit_1022,2022-06-08 7:25
0.0672,Unit_1023,2022-06-08 8:26
0.0672,Unit_1024,2022-06-08 15:42
0.042,Unit_1025,2022-06-08 16:09
0.0756,Unit_333,2022-06-08 17:25
0.0798,Unit_1026,2022-06-08 16:16
0.1428,Unit_334,2022-06-08 18:28
0.05039999999999999,Unit_335,2022-06-08 16:56
0.11760000000000001,Unit_336,2022-06-08 19:58
0.0756,Unit_337,2022-06-08 20:04
0.0714,Unit_338,2022-06-08 20:13
0.10079999999999999,Unit_339,2022-06-08 21:49
0.26039999999999996,Unit_340,2022-06-08 23:20
0.0798,Unit_341,2022-06-09 7:24
0.0756,Unit_342,2022-06-09 7:10
0.058800000000000005,Unit_1027,2022-03-03 10:26
0.18059999999999998,Unit_343,2022-06-09 10:13
0.0336,Unit_344,2022-06-09 10:52
0.0714,Unit_345,2022-06-09 10:50
0.0924,Unit_346,2022-06-09 16:34
0.0756,Unit_1029,2022-06-09 16:59
0.0672,Unit_1030,2022-06-09 23:20
0.126,Unit_347,2022-06-11 13:46
0.058800000000000005,Unit_393,2022-05-02 2:43
0.0714,Unit_1036,2022-06-12 10:34
0.0672,Unit_394,2022-05-03 4:20
0.1092,Unit_348,2022-06-15 15:16
0.0672,Unit_349,2022-06-15 14:35
0.0378,Unit_1039,2022-06-15 16:02
0.05039999999999999,Unit_1040,2022-06-15 15:18
0.1428,Unit_350,2022-06-15 17:11
0.058800000000000005,Unit_1041,2022-06-15 17:34
0.126,Unit_1042,2022-06-15 19:08
0.0378,Unit_351,2022-06-15 19:07
0.0462,Unit_352,2022-06-15 20:41
0.0714,Unit_353,2022-06-15 21:59
0.0714,Unit_354,2022-06-15 22:05
0.0798,Unit_1043,2022-06-15 22:22
0.058800000000000005,Unit_355,2022-06-15 23:01
0.105,Unit_356,2022-06-15 23:01
0.0714,Unit_357,2022-06-16 0:37
0.0546,Unit_358,2022-06-16 1:32
0.11760000000000001,Unit_1044,2022-06-16 1:49
0.0798,Unit_359,2022-06-16 1:23
0.0714,Unit_360,2022-06-16 2:11
0.11760000000000001,Unit_1045,2022-06-16 3:37
0.08819999999999999,Unit_361,2022-06-16 4:21
0.0714,Unit_395,2022-05-06 12:11
0.0378,Unit_397,2022-05-06 22:19
0.0336,Unit_398,2022-06-16 21:14
0.0966,Unit_1049,2022-06-16 22:01
0.0924,Unit_1050,2022-05-09 8:35
0.0798,Unit_1051,2022-06-16 22:42
0.0546,Unit_400,2022-06-16 22:52
0.0546,Unit_1052,2022-06-16 22:45
0.0546,Unit_1053,2022-06-17 0:01
0.126,Unit_401,2022-06-16 22:06
0.0378,Unit_402,2022-06-16 22:51
0.0672,Unit_403,2022-05-11 21:38
0.0378,Unit_404,2022-06-16 23:23
0.13019999999999998,Unit_405,2022-06-16 23:11
0.0714,Unit_406,2022-06-17 0:20
0.084,Unit_407,2022-06-17 1:54
0.1134,Unit_408,2022-06-17 0:04
0.058800000000000005,Unit_1054,2022-06-17 1:39
0.0714,Unit_1055,2022-06-17 0:48
0.0672,Unit_1056,2022-05-10 16:12
0.058800000000000005,Unit_409,2022-05-10 23:59
0.1428,Unit_410,2022-05-11 0:18
0.084,Unit_1057,2022-05-10 23:17
0.0798,Unit_1058,2022-06-17 1:50
0.058800000000000005,Unit_411,2022-06-17 4:04
0.0756,Unit_412,2022-06-17 1:56
0.1638,Unit_413,2022-05-11 1:12
0.0672,Unit_1059,2022-05-11 1:54
0.0798,Unit_1060,2022-05-11 3:51
0.058800000000000005,Unit_1061,2022-05-14 0:54
0.0714,Unit_414,2022-05-13 22:56
0.0546,Unit_1062,2022-05-14 5:18
0.105,Unit_1063,2022-05-14 1:36
0.0966,Unit_415,2022-06-17 3:45
0.063,Unit_1064,2022-06-17 4:20
0.0756,Unit_416,2022-06-17 6:03
0.0672,Unit_1065,2022-06-17 4:56
0.147,Unit_417,2022-05-15 11:00
0.084,Unit_1066,2022-06-17 4:29
0.058800000000000005,Unit_1067,2022-06-17 6:11
0.0672,Unit_1068,2022-06-17 7:31
0.05039999999999999,Unit_418,2022-06-17 7:36
0.058800000000000005,Unit_1069,2022-06-17 7:29
0.0672,Unit_1070,2022-06-17 8:06
0.0714,Unit_419,2022-06-17 7:12
0.105,Unit_420,2022-06-17 10:35
0.0798,Unit_1071,2022-06-17 9:44
0.058800000000000005,Unit_1072,2022-05-15 8:18
0.084,Unit_364,2022-05-03 0:37
0.0714,Unit_1074,2022-05-03 0:39
0.1722,Unit_421,2022-05-12 7:39
0.063,Unit_1075,2022-06-17 10:15
0.05039999999999999,Unit_1076,2022-06-17 10:25
0.0924,Unit_1077,2022-06-17 11:03
0.1134,Unit_422,2022-06-17 10:49
0.0798,Unit_423,2022-06-17 11:59
0.0756,Unit_1079,2022-05-12 13:23
0.0672,Unit_1080,2022-06-17 11:29
0.0798,Unit_1081,2022-06-17 10:55
0.0672,Unit_1084,2022-06-17 21:17
0.0546,Unit_1085,2022-06-17 20:04
0.08819999999999999,Unit_424,2022-06-17 19:17
0.13019999999999998,Unit_425,2022-06-17 18:05
0.084,Unit_1091,2022-05-02 10:02
0.0462,Unit_426,2022-05-02 6:38
0.063,Unit_368,2022-05-02 6:09
0.058800000000000005,Unit_1096,2022-05-14 2:29
0.042,Unit_1097,2022-05-14 2:37
0.058800000000000005,Unit_1098,2022-05-14 2:36
0.105,Unit_1099,2022-05-14 2:58
0.0756,Unit_1100,2022-05-02 20:17
0.0714,Unit_427,2022-05-03 4:43
0.1092,Unit_369,2022-05-03 21:04
0.0672,Unit_1103,2022-05-04 14:01
0.1344,Unit_428,2022-05-04 9:50
0.0798,Unit_1106,2022-06-19 10:51
0.0672,Unit_1107,2022-06-19 12:24
0.058800000000000005,Unit_1109,2022-06-20 11:16
0.0756,Unit_1111,2022-04-30 2:34
0.058800000000000005,Unit_1112,2022-04-30 2:15
0.08819999999999999,Unit_429,2022-06-21 4:54
0.042,Unit_1113,2022-06-21 8:34
0.063,Unit_430,2022-06-21 10:12
0.0714,Unit_1114,2022-06-22 0:43
0.0966,Unit_1115,2022-06-22 4:31
0.1092,Unit_1116,2022-06-22 2:37
0.0756,Unit_431,2022-06-22 2:54
0.05039999999999999,Unit_1117,2022-06-22 5:26
0.0462,Unit_1122,2022-05-04 19:16
0.063,Unit_1123,2022-05-04 22:05
0.063,Unit_433,2022-05-14 23:52
0.084,Unit_434,2022-05-15 3:16
0.3066,Unit_1127,2022-05-15 16:36
0.17639999999999997,Unit_435,2022-05-15 17:33
0.0798,Unit_1128,2022-05-16 2:53
0.10079999999999999,Unit_436,2022-05-16 3:28
0.0714,Unit_437,2022-05-16 8:21
0.0798,Unit_371,2022-05-17 11:31
0.11760000000000001,Unit_1133,2022-05-12 7:43
0.1092,Unit_439,2022-05-11 23:10
0.0546,Unit_1137,2022-05-11 23:30
0.0462,Unit_1139,2022-06-26 5:33
0.1134,Unit_1140,2022-06-26 11:24
0.0546,Unit_440,2022-06-26 8:12
0.063,Unit_441,2022-06-26 11:28
0.1134,Unit_442,2022-06-26 14:22
0.0462,Unit_1141,2022-06-26 23:55
0.0966,Unit_1142,2022-07-01 13:20
0.0798,Unit_443,2022-07-01 17:32
0.063,Unit_444,2022-07-01 17:48
0.0798,Unit_445,2022-07-01 19:01
0.0672,Unit_446,2022-07-01 18:31
0.0546,Unit_1143,2022-07-01 21:58
0.126,Unit_447,2022-07-01 20:23
0.084,Unit_448,2022-07-01 19:19
0.0462,Unit_449,2022-07-01 22:56
0.084,Unit_1144,2022-07-02 12:03
0.0672,Unit_450,2022-07-02 15:13
0.0546,Unit_451,2022-07-02 18:50
0.0924,Unit_1145,2022-07-02 18:58
0.0756,Unit_1146,2022-07-02 22:18
0.042,Unit_452,2022-07-02 22:33
0.0714,Unit_1147,2022-07-02 23:11
0.0756,Unit_1148,2022-07-02 22:59
0.0966,Unit_453,2022-07-02 23:04
0.0672,Unit_454,2022-07-03 1:40
0.058800000000000005,Unit_1149,2022-07-03 2:08
0.08819999999999999,Unit_455,2022-07-03 2:40
0.058800000000000005,Unit_456,2022-07-03 2:42
0.0966,Unit_1150,2022-07-03 0:35
0.10079999999999999,Unit_457,2022-07-03 1:17
0.0462,Unit_1151,2022-07-03 4:05
0.058800000000000005,Unit_458,2022-07-03 4:50
0.058800000000000005,Unit_459,2022-07-03 9:04
0.063,Unit_1153,2022-07-03 3:35
0.058800000000000005,Unit_1152,2022-07-03 9:17
0.0462,Unit_460,2022-07-03 4:31
0.0546,Unit_461,2022-07-03 5:11
0.042,Unit_1154,2022-07-03 4:06
0.0546,Unit_1155,2022-07-03 6:10
0.042,Unit_462,2022-07-03 11:49
0.1386,Unit_1156,2022-07-03 11:42
0.0546,Unit_463,2022-07-04 0:08
0.058800000000000005,Unit_464,2022-07-04 2:07
0.0924,Unit_465,2022-07-04 3:39
0.0546,Unit_466,2022-07-04 3:37
0.058800000000000005,Unit_1157,2022-07-04 2:24
0.0714,Unit_467,2022-07-04 5:03
0.10079999999999999,Unit_468,2022-01-04 9:10
0.10079999999999999,Unit_469,2022-01-04 13:32
0.0924,Unit_478,2022-01-03 18:36
0.105,Unit_482,2022-01-06 18:09
0.058800000000000005,Unit_1158,2022-01-10 6:48
0.058800000000000005,Unit_483,2022-05-14 2:39
0.0672,Unit_489,2022-01-07 16:14
0.1092,Unit_496,2022-01-14 19:00
0.0756,Unit_502,2022-01-15 8:23
0.063,Unit_503,2022-01-15 7:35
0.084,Unit_506,2022-01-14 7:42
0.058800000000000005,Unit_507,2022-01-14 9:09
0.0462,Unit_1162,2022-01-11 22:15
0.12179999999999999,Unit_512,2022-01-16 5:48
0.063,Unit_1164,2022-01-14 3:34
0.0924,Unit_523,2022-01-15 16:06
0.084,Unit_524,2022-01-15 17:49
0.105,Unit_528,2022-01-17 8:43
0.0756,Unit_537,2022-01-18 0:08
0.0378,Unit_539,2022-01-19 3:27
0.0462,Unit_551,2022-01-20 7:31
0.0798,Unit_571,2022-01-17 19:01
0.0546,Unit_575,2022-01-15 20:46
0.084,Unit_577,2022-01-17 18:37
0.063,Unit_595,2022-01-18 10:29
0.084,Unit_1196,2022-01-19 23:20
0.08819999999999999,Unit_1216,2022-05-11 10:05
0.1092,Unit_1220,2022-04-26 19:02
0.12179999999999999,Unit_1233,2022-02-26 13:13
0.0672,Unit_375,2022-02-27 6:46
0.0546,Unit_700,2022-03-08 6:35
0.058800000000000005,Unit_378,2022-05-03 2:18
0.126,Unit_1281,2022-05-03 2:03
0.1092,Unit_1293,2022-04-27 2:52
0.0546,Unit_704,2022-04-29 16:00
0.0756,Unit_705,2022-04-29 11:54
0.0756,Unit_706,2022-05-02 6:33
0.0798,Unit_1297,2022-05-03 1:19
0.08819999999999999,Unit_379,2022-05-02 17:45
0.063,Unit_1300,2022-05-02 16:12
0.05039999999999999,Unit_1303,2022-05-03 7:56
0.0546,Unit_707,2022-05-03 7:18
0.0672,Unit_1306,2022-05-03 16:49
0.042,Unit_1307,2022-05-03 18:37
0.05039999999999999,Unit_1308,2022-05-03 20:14
0.084,Unit_1311,2022-05-04 18:02
0.058800000000000005,Unit_1326,2022-05-06 2:24
0.1848,Unit_716,2022-05-12 0:49
0.1386,Unit_717,2022-05-12 20:39
0.1512,Unit_1328,2022-05-14 22:15
0.042,Unit_721,2022-01-07 11:41
0.105,Unit_1330,2022-01-08 14:10
0.0756,Unit_724,2022-01-14 6:01
0.0924,Unit_731,2022-01-17 21:45
0.0546,Unit_749,2022-01-23 9:35
0.0924,Unit_381,2022-02-27 14:13
0.08819999999999999,Unit_383,2022-02-21 23:33
0.10079999999999999,Unit_767,2022-02-21 23:48
0.0924,Unit_384,2022-02-22 7:18
0.063,Unit_385,2022-02-22 8:33
0.029400000000000003,Unit_769,2022-04-27 2:55
0.1134,Unit_4,2022-04-27 7:11
0.15539999999999998,Unit_770,2022-05-03 7:42
0.0378,Unit_771,2022-05-03 6:28
0.0924,Unit_772,2022-05-03 14:47
0.15539999999999998,Unit_773,2022-02-22 21:21
0.05039999999999999,Unit_388,2022-02-21 19:42
0.084,Unit_774,2022-02-21 19:07
0.0966,Unit_775,2022-05-07 5:56
0.0672,Unit_776,2022-05-07 6:23
0.1092,Unit_777,2022-05-08 14:59
0.1386,Unit_778,2022-05-11 6:17
0.063,Unit_779,2022-04-24 16:53
0.08819999999999999,Unit_10,2022-03-08 22:18
0.042,Unit_11,2022-03-09 1:41
0.0966,Unit_780,2022-04-29 6:18
0.0672,Unit_14,2022-03-09 23:05
0.0756,Unit_22,2022-03-10 2:12
0.063,Unit_23,2022-03-10 1:59
0.058800000000000005,Unit_25,2022-03-10 3:28
0.084,Unit_26,2022-03-10 3:35
0.0924,Unit_27,2022-03-10 4:23
0.08819999999999999,Unit_29,2022-03-10 6:23
0.0546,Unit_30,2022-03-10 9:13
0.1386,Unit_31,2022-03-10 16:59
0.0756,Unit_32,2022-03-11 1:26
0.10079999999999999,Unit_33,2022-03-11 1:31
0.0798,Unit_34,2022-03-11 2:36
0.084,Unit_36,2022-03-11 4:02
0.105,Unit_37,2022-03-11 7:26
0.1134,Unit_39,2022-03-11 7:29
0.1134,Unit_40,2022-03-11 16:30
0.0672,Unit_41,2022-03-11 15:33
0.0966,Unit_43,2022-03-11 16:34
0.05039999999999999,Unit_44,2022-03-11 18:06
0.08819999999999999,Unit_45,2022-03-11 21:42
0.0714,Unit_47,2022-03-12 6:52
0.0672,Unit_48,2022-03-12 8:44
0.042,Unit_49,2022-03-12 7:38
0.084,Unit_50,2022-03-12 7:10
0.084,Unit_51,2022-03-12 6:50
0.0798,Unit_52,2022-03-12 8:15
0.0798,Unit_53,2022-03-12 8:20
0.084,Unit_54,2022-03-12 10:51
0.0546,Unit_55,2022-03-12 9:43
0.0756,Unit_56,2022-03-12 10:48
0.084,Unit_57,2022-03-12 11:38
0.0546,Unit_59,2022-03-12 12:35
0.058800000000000005,Unit_64,2022-03-12 19:16
0.084,Unit_66,2022-03-13 0:18
0.063,Unit_69,2022-03-12 23:50
0.0714,Unit_70,2022-03-13 1:13
0.05039999999999999,Unit_71,2022-03-13 4:48
0.063,Unit_72,2022-03-13 6:59
0.084,Unit_73,2022-03-13 6:21
0.063,Unit_74,2022-03-13 7:23
0.0714,Unit_77,2022-03-13 11:19
0.063,Unit_79,2022-03-13 18:44
0.1134,Unit_81,2022-03-14 2:02
0.0672,Unit_85,2022-03-14 5:42
0.0798,Unit_89,2022-03-14 7:34
0.0672,Unit_92,2022-03-14 15:40
0.13019999999999998,Unit_803,2022-05-03 23:12
0.10079999999999999,Unit_817,2022-03-25 4:49
0.1134,Unit_828,2022-04-26 16:31
0.11760000000000001,Unit_840,2022-02-22 7:31
0.0756,Unit_898,2022-04-27 8:48
0.1344,Unit_936,2022-05-13 6:19
0.0714,Unit_937,2022-05-13 8:29
0.0924,Unit_938,2022-05-13 5:46
0.0966,Unit_391,2022-02-25 0:21
0.042,Unit_979,2022-02-25 0:14
0.0714,Unit_983,2022-04-26 18:57
0.10079999999999999,Unit_985,2022-04-26 18:57
0.05039999999999999,Unit_987,2022-02-25 12:21
0.0966,Unit_990,2022-04-29 16:50
0.126,Unit_392,2022-02-23 9:29
0.058800000000000005,Unit_326,2022-02-24 21:08
0.058800000000000005,Unit_1003,2022-02-24 20:34
0.0462,Unit_1004,2022-02-25 4:41
0.1134,Unit_1005,2022-02-25 5:39
0.1512,Unit_327,2022-02-25 7:09
0.0672,Unit_1006,2022-02-26 3:31
0.0798,Unit_1007,2022-02-26 3:51
0.058800000000000005,Unit_329,2022-02-26 4:23
0.0756,Unit_1008,2022-02-26 10:31
0.0714,Unit_1009,2022-02-26 13:00
0.0714,Unit_1010,2022-02-26 11:05
0.0798,Unit_1011,2022-02-26 13:28
0.0462,Unit_1012,2022-02-26 19:48
0.042,Unit_1013,2022-02-26 17:58
0.126,Unit_1015,2022-02-27 11:22
0.063,Unit_1016,2022-02-27 11:39
0.0672,Unit_1017,2022-02-27 19:18
0.0714,Unit_1028,2022-03-03 20:24
0.0966,Unit_1031,2022-04-27 5:46
0.058800000000000005,Unit_1032,2022-04-27 6:33
0.08819999999999999,Unit_1033,2022-04-27 6:41
0.058800000000000005,Unit_1035,2022-05-02 2:43
0.063,Unit_1037,2022-03-04 9:15
0.105,Unit_1038,2022-03-04 8:06
0.0462,Unit_1046,2022-05-04 18:11
0.0714,Unit_1047,2022-05-05 19:40
0.0966,Unit_1048,2022-05-06 6:08
0.0546,Unit_399,2022-05-08 22:05
0.05039999999999999,Unit_1073,2022-05-03 1:41
0.0798,Unit_1078,2022-04-29 22:57
0.0924,Unit_1082,2022-04-30 20:39
0.063,Unit_1086,2022-05-02 0:38
0.12179999999999999,Unit_1087,2022-05-02 2:04
0.0924,Unit_1088,2022-05-02 2:17
0.0672,Unit_1090,2022-05-02 8:23
0.0672,Unit_1092,2022-05-02 8:07
0.0462,Unit_1093,2022-05-02 7:31
0.058800000000000005,Unit_1094,2022-05-02 15:13
0.0672,Unit_1095,2022-05-14 2:03
0.058800000000000005,Unit_1101,2022-05-03 4:21
0.0672,Unit_1104,2022-03-07 13:57
0.0546,Unit_1105,2022-03-07 14:46
0.063,Unit_1110,2022-04-30 1:33
0.1386,Unit_1118,2022-03-08 2:58
0.058800000000000005,Unit_1119,2022-03-08 2:30
0.058800000000000005,Unit_1120,2022-05-16 11:59
0.13019999999999998,Unit_1121,2022-05-04 18:11
0.05039999999999999,Unit_432,2022-05-04 20:37
0.11760000000000001,Unit_1124,2022-05-15 2:45
0.0798,Unit_1125,2022-05-15 3:43
0.1134,Unit_1126,2022-05-15 15:11
0.0798,Unit_1129,2022-05-06 18:51
0.0714,Unit_1130,2022-05-16 11:08
0.0672,Unit_1131,2022-05-16 11:46
0.08819999999999999,Unit_1132,2022-05-08 17:32
0.08819999999999999,Unit_1134,2022-05-10 14:11
0.084,Unit_438,2022-05-11 2:45
0.08819999999999999,Unit_1135,2022-05-11 2:49
0.0462,Unit_1136,2022-05-11 1:10
0.0966,Unit_1138,2022-05-13 0:56
0.1428,Unit_470,2022-01-03 13:12
0.058800000000000005,Unit_471,2022-01-03 13:50
0.05039999999999999,Unit_472,2022-01-03 16:47
0.13019999999999998,Unit_473,2022-01-03 18:14
0.0672,Unit_474,2022-01-05 18:51
0.0672,Unit_475,2022-01-03 16:26
0.058800000000000005,Unit_476,2022-01-03 18:04
0.0546,Unit_477,2022-01-04 8:39
0.0672,Unit_479,2022-01-03 18:35
0.058800000000000005,Unit_480,2022-01-04 8:32
0.0714,Unit_481,2022-01-06 14:14
0.05039999999999999,Unit_484,2022-01-10 21:14
0.23939999999999997,Unit_485,2022-01-11 23:37
0.058800000000000005,Unit_486,2022-01-11 21:21
0.084,Unit_487,2022-01-11 19:35
0.042,Unit_488,2022-01-11 20:32
0.1512,Unit_1159,2022-01-07 15:55
0.0798,Unit_490,2022-01-07 15:57
0.058800000000000005,Unit_491,2022-01-07 16:10
0.0672,Unit_492,2022-01-08 2:09
0.0966,Unit_493,2022-01-14 6:01
0.11760000000000001,Unit_495,2022-01-14 14:16
0.0756,Unit_494,2022-01-14 13:04
0.0672,Unit_1160,2022-01-14 14:44
0.05039999999999999,Unit_497,2022-01-14 19:19
0.0714,Unit_498,2022-01-14 19:49
0.058800000000000005,Unit_499,2022-01-14 19:09
0.0672,Unit_500,2022-01-14 18:47
0.0924,Unit_1161,2022-01-14 20:40
0.0966,Unit_501,2022-01-15 6:29
0.0756,Unit_504,2022-01-14 8:38
0.0924,Unit_505,2022-01-14 7:22
0.105,Unit_1163,2022-01-15 15:13
0.0462,Unit_508,2022-01-15 19:27
0.0798,Unit_509,2022-01-15 20:30
0.0672,Unit_510,2022-01-15 22:46
0.0798,Unit_511,2022-01-16 3:49
0.0798,Unit_16,2022-01-16 1:06
0.0672,Unit_513,2022-01-16 6:06
0.05039999999999999,Unit_514,2022-01-16 10:54
0.063,Unit_515,2022-01-16 11:47
0.0924,Unit_516,2022-01-15 3:42
0.0546,Unit_517,2022-01-16 14:16
0.0756,Unit_1165,2022-01-16 19:57
0.0756,Unit_1166,2022-01-16 20:04
0.058800000000000005,Unit_518,2022-01-14 3:43
0.0672,Unit_519,2022-01-14 3:49
0.0798,Unit_1167,2022-01-14 2:24
0.1386,Unit_1168,2022-01-17 0:04
0.063,Unit_1169,2022-01-16 22:53
0.0462,Unit_520,2022-01-14 10:16
0.0546,Unit_1170,2022-01-17 3:23
0.0462,Unit_521,2022-01-17 2:58
0.1344,Unit_522,2022-01-17 4:29
0.0672,Unit_1171,2022-01-15 15:58
0.0546,Unit_1172,2022-01-15 14:53
0.0798,Unit_1173,2022-01-15 14:18
0.0672,Unit_525,2022-01-15 16:53
0.05039999999999999,Unit_526,2022-01-14 11:13
0.042,Unit_527,2022-01-14 13:33
0.0714,Unit_529,2022-01-18 1:29
0.058800000000000005,Unit_1174,2022-01-18 2:06
0.147,Unit_530,2022-01-18 5:12
0.063,Unit_531,2022-01-17 1:34
0.063,Unit_1175,2022-01-17 1:09
0.11760000000000001,Unit_532,2022-01-18 4:37
0.1134,Unit_533,2022-01-17 10:03
0.0546,Unit_1176,2022-01-17 10:26
0.08819999999999999,Unit_534,2022-01-17 10:54
0.05039999999999999,Unit_535,2022-01-17 10:48
0.058800000000000005,Unit_536,2022-01-19 1:05
0.058800000000000005,Unit_538,2022-01-19 2:17
0.0966,Unit_540,2022-01-18 4:56
0.126,Unit_1177,2022-01-19 7:14
0.1092,Unit_541,2022-01-19 7:06
0.0756,Unit_542,2022-01-19 7:33
0.0756,Unit_1178,2022-01-19 8:28
0.0546,Unit_545,2022-01-19 6:43
0.10079999999999999,Unit_543,2022-01-19 7:01
0.063,Unit_544,2022-01-19 6:57
0.042,Unit_546,2022-01-19 7:25
0.08819999999999999,Unit_1179,2022-01-19 15:27
0.084,Unit_547,2022-01-19 16:51
0.1092,Unit_548,2022-01-19 18:03
0.1134,Unit_549,2022-01-20 10:11
0.063,Unit_550,2022-01-19 19:01
0.058800000000000005,Unit_552,2022-01-20 8:24
0.11760000000000001,Unit_553,2022-01-20 9:46
0.08819999999999999,Unit_554,2022-01-20 11:04
0.0672,Unit_555,2022-01-20 10:16
0.08819999999999999,Unit_1180,2022-01-14 11:19
0.10079999999999999,Unit_556,2022-01-14 13:35
0.0966,Unit_557,2022-01-14 11:23
0.1722,Unit_558,2022-01-20 17:12
0.0756,Unit_1181,2022-01-20 17:33
0.0798,Unit_559,2022-01-21 7:36
0.0462,Unit_560,2022-01-18 13:01
0.0798,Unit_561,2022-01-18 16:20
0.0798,Unit_562,2022-01-18 14:26
0.042,Unit_563,2022-01-18 15:52
0.105,Unit_1182,2022-01-18 16:42
0.0462,Unit_564,2022-01-18 16:24
0.0924,Unit_565,2022-01-17 0:46
0.1428,Unit_1183,2022-01-16 23:06
0.0798,Unit_566,2022-01-16 23:17
0.058800000000000005,Unit_567,2022-01-23 13:05
0.0756,Unit_568,2022-01-15 4:59
0.10079999999999999,Unit_1184,2022-01-15 5:11
0.0714,Unit_1185,2022-01-17 2:22
0.0672,Unit_569,2022-01-17 6:35
0.08819999999999999,Unit_570,2022-01-17 16:07
0.0798,Unit_572,2022-01-16 0:41
0.058800000000000005,Unit_573,2022-01-15 19:34
0.058800000000000005,Unit_574,2022-01-15 21:03
0.063,Unit_1186,2022-01-15 20:14
0.08819999999999999,Unit_576,2022-01-15 22:01
0.084,Unit_578,2022-01-16 6:08
0.10079999999999999,Unit_1187,2022-01-18 12:12
0.12179999999999999,Unit_579,2022-01-18 22:52
0.0672,Unit_580,2022-01-18 22:43
0.1092,Unit_581,2022-01-19 16:31
0.05039999999999999,Unit_582,2022-01-19 3:09
0.0798,Unit_583,2022-01-17 18:05
0.0546,Unit_1188,2022-01-19 22:08
0.12179999999999999,Unit_584,2022-01-19 22:19
0.1428,Unit_585,2022-01-19 22:27
0.0714,Unit_586,2022-01-19 14:03
0.0756,Unit_587,2022-01-19 21:17
0.08819999999999999,Unit_1189,2022-01-19 21:57
0.0462,Unit_1190,2022-01-19 22:18
0.1134,Unit_588,2022-01-19 22:54
0.0546,Unit_1191,2022-01-19 22:21
0.0756,Unit_589,2022-01-19 22:48
0.0966,Unit_590,2022-01-18 6:07
0.1344,Unit_591,2022-01-18 6:17
0.0966,Unit_592,2022-01-18 6:16
0.0756,Unit_593,2022-01-18 7:12
0.084,Unit_594,2022-01-18 6:14
0.084,Unit_1192,2022-01-20 2:08
0.058800000000000005,Unit_596,2022-01-20 3:14
0.1134,Unit_597,2022-01-20 0:30
0.0672,Unit_1193,2022-01-20 3:55
0.042,Unit_1194,2022-01-20 5:22
0.1512,Unit_598,2022-01-20 6:43
0.0546,Unit_1195,2022-01-20 5:07
0.105,Unit_599,2022-01-20 6:07
0.0798,Unit_600,2022-01-20 7:01
0.0378,Unit_601,2022-01-18 22:29
0.058800000000000005,Unit_602,2022-01-19 22:45
0.0798,Unit_603,2022-01-20 1:18
0.0714,Unit_604,2022-01-20 18:42
0.0966,Unit_605,2022-01-20 18:45
0.05039999999999999,Unit_606,2022-01-20 5:25
0.0924,Unit_1197,2022-01-21 7:04
0.1638,Unit_607,2022-01-21 20:19
0.105,Unit_608,2022-01-22 10:51
0.0462,Unit_609,2022-01-24 13:05
0.063,Unit_1198,2022-04-20 5:19
0.063,Unit_1199,2022-04-20 15:23
0.0966,Unit_1200,2022-04-20 16:51
0.0546,Unit_1201,2022-04-20 17:20
0.12179999999999999,Unit_1202,2022-04-20 17:02
0.0462,Unit_1203,2022-04-20 18:52
0.0756,Unit_1204,2022-04-20 19:24
0.0756,Unit_610,2022-02-01 20:35
0.063,Unit_611,2022-02-01 19:24
0.0756,Unit_612,2022-02-04 12:46
0.0672,Unit_1205,2022-02-02 5:13
0.1134,Unit_613,2022-02-02 6:10
0.11760000000000001,Unit_614,2022-02-02 5:47
0.0672,Unit_615,2022-02-02 5:49
0.05039999999999999,Unit_616,2022-02-08 10:55
0.05039999999999999,Unit_617,2022-02-04 11:24
0.0672,Unit_618,2022-02-04 11:30
0.0714,Unit_619,2022-02-08 6:45
0.042,Unit_620,2022-02-08 8:10
0.058800000000000005,Unit_621,2022-02-08 9:36
0.0462,Unit_622,2022-02-08 6:00
0.0546,Unit_623,2022-02-08 7:15
0.042,Unit_624,2022-02-08 13:21
0.1134,Unit_625,2022-02-08 10:18
0.042,Unit_626,2022-02-02 5:11
0.063,Unit_1206,2022-04-20 21:57
0.1428,Unit_1207,2022-04-20 19:12
0.0756,Unit_1208,2022-02-02 2:34
0.084,Unit_627,2022-02-02 2:40
0.058800000000000005,Unit_628,2022-02-04 4:44
0.084,Unit_629,2022-02-04 9:59
0.0714,Unit_630,2022-02-04 7:48
0.0714,Unit_631,2022-02-04 6:59
0.0546,Unit_632,2022-02-04 6:15
0.0672,Unit_633,2022-02-04 9:30
0.042,Unit_634,2022-02-17 7:24
0.13019999999999998,Unit_635,2022-02-17 7:21
0.063,Unit_636,2022-02-04 21:21
0.0714,Unit_637,2022-02-18 14:02
0.12179999999999999,Unit_638,2022-02-18 6:16
0.10079999999999999,Unit_639,2022-02-18 5:06
0.063,Unit_640,2022-02-18 5:54
0.0798,Unit_641,2022-02-18 3:53
0.042,Unit_642,2022-02-18 5:56
0.05039999999999999,Unit_643,2022-02-18 16:49
0.0756,Unit_644,2022-02-04 5:20
0.0672,Unit_645,2022-02-04 1:41
0.084,Unit_646,2022-02-04 5:57
0.0756,Unit_647,2022-02-04 6:50
0.0714,Unit_648,2022-02-04 6:45
0.063,Unit_649,2022-02-04 9:07
0.0924,Unit_1209,2022-02-04 6:25
0.0546,Unit_650,2022-02-04 4:57
0.1722,Unit_1210,2022-02-04 6:05
0.1344,Unit_651,2022-02-04 5:34
0.1134,Unit_652,2022-02-04 10:33
0.0462,Unit_653,2022-02-04 11:12
0.0462,Unit_654,2022-02-08 8:03
0.0966,Unit_655,2022-02-07 17:57
0.13019999999999998,Unit_656,2022-02-08 18:48
0.0714,Unit_1212,2022-02-19 10:04
0.0462,Unit_657,2022-02-19 12:04
0.084,Unit_1213,2022-02-18 5:30
0.0672,Unit_658,2022-02-18 5:44
0.0756,Unit_659,2022-02-19 1:41
0.0924,Unit_1214,2022-02-19 4:37
0.0924,Unit_17,2022-02-19 13:02
0.0798,Unit_660,2022-02-19 10:35
0.11760000000000001,Unit_1215,2022-02-19 11:28
0.10079999999999999,Unit_1217,2022-04-22 6:35
0.0462,Unit_1219,2022-04-26 13:12
0.042,Unit_1221,2022-04-26 20:00
0.0798,Unit_661,2022-02-17 12:46
0.12179999999999999,Unit_662,2022-02-18 1:39
0.0756,Unit_1222,2022-02-18 2:04
0.0756,Unit_663,2022-02-18 1:23
0.0756,Unit_664,2022-02-18 17:13
0.0672,Unit_665,2022-02-18 16:39
0.058800000000000005,Unit_666,2022-02-18 15:20
0.0714,Unit_667,2022-02-18 16:41
0.1512,Unit_668,2022-02-18 16:45
0.063,Unit_669,2022-02-19 0:53
0.10079999999999999,Unit_670,2022-02-19 1:04
0.0756,Unit_671,2022-02-19 1:48
0.08819999999999999,Unit_672,2022-02-18 7:23
0.0714,Unit_674,2022-02-18 7:24
0.126,Unit_673,2022-02-18 11:20
0.0756,Unit_675,2022-02-18 9:54
0.1638,Unit_676,2022-02-18 9:46
0.0714,Unit_677,2022-02-18 10:01
0.08819999999999999,Unit_678,2022-02-18 10:17
0.11760000000000001,Unit_1223,2022-02-18 10:50
0.0966,Unit_679,2022-02-18 8:56
0.0756,Unit_1224,2022-02-19 4:18
0.0924,Unit_680,2022-02-19 3:04
0.0672,Unit_681,2022-02-18 10:05
0.084,Unit_682,2022-02-18 14:59
0.126,Unit_1225,2022-02-18 17:47
0.13019999999999998,Unit_683,2022-02-18 15:52
0.063,Unit_684,2022-02-18 15:25
0.058800000000000005,Unit_685,2022-02-18 19:14
0.12179999999999999,Unit_1226,2022-02-21 1:08
0.084,Unit_686,2022-02-21 4:42
0.11760000000000001,Unit_687,2022-02-20 11:34
0.058800000000000005,Unit_688,2022-02-20 10:29
0.0756,Unit_689,2022-02-21 9:05
0.0798,Unit_690,2022-02-20 21:59
0.1092,Unit_691,2022-02-21 13:29
0.084,Unit_692,2022-02-21 2:03
0.11760000000000001,Unit_693,2022-02-21 14:03
0.15539999999999998,Unit_694,2022-02-21 11:59
0.08819999999999999,Unit_93,2022-02-21 21:17
0.2142,Unit_695,2022-02-22 0:31
0.0966,Unit_1227,2022-02-25 5:52
0.1428,Unit_1228,2022-02-24 23:32
0.105,Unit_696,2022-02-25 3:19
0.0714,Unit_1229,2022-02-25 3:22
0.05039999999999999,Unit_1230,2022-02-25 14:41
0.0756,Unit_1231,2022-02-26 12:50
0.063,Unit_1232,2022-02-26 8:44
0.0714,Unit_372,2022-02-26 15:10
0.05039999999999999,Unit_373,2022-02-26 12:35
0.1092,Unit_1234,2022-02-26 14:13
0.0798,Unit_1235,2022-02-26 13:22
0.0462,Unit_1236,2022-02-26 13:29
0.0798,Unit_1237,2022-02-26 7:23
0.0924,Unit_1238,2022-02-26 6:08
0.0462,Unit_1239,2022-02-26 8:00
0.0714,Unit_374,2022-02-26 16:02
0.05039999999999999,Unit_1240,2022-02-26 17:03
0.05039999999999999,Unit_1241,2022-02-26 17:21
0.042,Unit_1242,2022-02-26 17:40
0.0966,Unit_1243,2022-02-26 17:12
0.0798,Unit_1244,2022-02-27 2:29
0.0462,Unit_1245,2022-02-27 3:05
0.0798,Unit_1246,2022-02-26 21:10
0.058800000000000005,Unit_1247,2022-02-26 22:41
0.0462,Unit_1248,2022-02-27 0:33
0.0924,Unit_1249,2022-02-26 22:48
0.063,Unit_1250,2022-02-27 14:46
0.0714,Unit_1251,2022-02-27 3:30
0.084,Unit_1252,2022-02-27 3:59
0.126,Unit_1253,2022-02-27 5:35
0.0462,Unit_1254,2022-02-27 5:54
0.13019999999999998,Unit_1255,2022-02-27 6:28
0.1512,Unit_1256,2022-02-27 10:17
0.0546,Unit_697,2022-05-14 18:51
0.0924,Unit_1257,2022-02-28 4:03
0.063,Unit_698,2022-01-14 16:44
0.08819999999999999,Unit_1258,2022-01-14 15:50
0.063,Unit_376,2022-02-28 13:21
0.126,Unit_1259,2022-03-03 18:32
0.1092,Unit_377,2022-03-03 15:48
0.05039999999999999,Unit_1260,2022-03-03 17:08
0.0798,Unit_1261,2022-03-03 21:06
0.1344,Unit_1262,2022-03-05 3:49
0.1344,Unit_1263,2022-03-05 2:53
0.0924,Unit_1264,2022-03-07 19:52
0.05039999999999999,Unit_1265,2022-03-07 18:02
0.0756,Unit_1266,2022-03-07 20:08
0.0462,Unit_699,2022-03-07 21:46
0.0546,Unit_1267,2022-03-08 3:52
0.0462,Unit_1268,2022-03-08 3:35
0.042,Unit_1269,2022-03-08 2:49
0.05039999999999999,Unit_1270,2022-03-08 1:35
0.0546,Unit_1271,2022-03-08 1:41
0.063,Unit_1272,2022-03-08 4:15
0.0672,Unit_1273,2022-03-08 5:10
0.05039999999999999,Unit_1274,2022-03-08 6:55
0.058800000000000005,Unit_1275,2022-03-08 8:08
0.0672,Unit_1276,2022-03-08 8:20
0.0798,Unit_1277,2022-03-08 11:33
0.0462,Unit_1278,2022-03-08 11:21
0.1596,Unit_18,2022-03-08 12:54
0.063,Unit_701,2022-01-16 15:54
0.1092,Unit_702,2022-01-16 15:56
0.0924,Unit_1279,2022-03-08 7:40
0.058800000000000005,Unit_20,2022-03-08 22:14
0.05039999999999999,Unit_1280,2022-05-03 2:29
0.0672,Unit_1282,2022-05-03 3:01
0.084,Unit_703,2022-04-20 12:14
0.0798,Unit_1283,2022-04-20 11:39
0.0336,Unit_1284,2022-04-20 12:20
0.126,Unit_1285,2022-04-20 13:03
0.0966,Unit_1286,2022-04-21 4:27
0.0462,Unit_1287,2022-04-21 4:38
0.0924,Unit_1289,2022-04-21 7:21
0.058800000000000005,Unit_1290,2022-04-21 6:59
0.042,Unit_1291,2022-04-22 2:46
0.0462,Unit_1292,2022-04-22 12:38
0.063,Unit_1294,2022-04-29 17:29
0.1092,Unit_1295,2022-04-30 1:01
0.0756,Unit_1296,2022-05-02 13:25
0.058800000000000005,Unit_1298,2022-05-02 19:18
0.0714,Unit_1299,2022-05-02 17:20
0.12179999999999999,Unit_1301,2022-05-02 16:01
0.0714,Unit_1304,2022-05-03 8:25
0.05039999999999999,Unit_1305,2022-05-03 7:25
0.058800000000000005,Unit_1309,2022-05-03 20:59
0.058800000000000005,Unit_1312,2022-05-04 18:56
0.1386,Unit_1313,2022-03-08 11:01
0.0714,Unit_1314,2022-05-05 6:35
0.063,Unit_708,2022-05-05 21:01
0.05039999999999999,Unit_709,2022-04-20 14:39
0.042,Unit_710,2022-04-20 16:33
0.0966,Unit_1315,2022-04-20 21:45
0.0672,Unit_711,2022-04-20 22:30
0.063,Unit_1316,2022-04-20 23:56
0.0714,Unit_712,2022-04-20 22:57
0.058800000000000005,Unit_1317,2022-04-20 23:49
0.0756,Unit_1318,2022-04-21 1:25
0.168,Unit_1319,2022-04-21 1:26
0.105,Unit_1320,2022-04-21 1:57
0.058800000000000005,Unit_1321,2022-04-21 1:28
0.0924,Unit_1322,2022-04-21 2:54
0.0966,Unit_1323,2022-04-21 1:50
0.042,Unit_1324,2022-04-21 3:35
0.0924,Unit_1325,2022-04-21 2:20
0.042,Unit_713,2022-04-21 3:26
0.058800000000000005,Unit_714,2022-05-11 7:10
0.0756,Unit_715,2022-05-11 11:41
0.063,Unit_1327,2022-05-12 9:55
0.0756,Unit_718,2022-01-27 6:38
0.0798,Unit_719,2022-02-10 20:42
0.1386,Unit_720,2022-02-10 22:04
0.1134,Unit_722,2022-01-10 21:16
0.1134,Unit_723,2022-01-14 3:32
0.0462,Unit_725,2022-01-14 12:22
0.0546,Unit_726,2022-01-15 0:42
0.11760000000000001,Unit_727,2022-01-17 8:35
0.0966,Unit_728,2022-01-17 7:52
0.0462,Unit_729,2022-01-17 8:29
0.0462,Unit_730,2022-01-17 19:51
0.0756,Unit_1331,2022-01-17 23:51
0.0924,Unit_732,2022-01-17 19:04
0.0924,Unit_733,2022-01-18 0:23
0.084,Unit_1332,2022-01-18 0:49
0.168,Unit_734,2022-01-18 4:36
0.0546,Unit_735,2022-01-18 9:11
0.15539999999999998,Unit_736,2022-01-18 11:40
0.0756,Unit_737,2022-01-18 20:49
0.0798,Unit_738,2022-01-19 0:22
0.08819999999999999,Unit_739,2022-01-19 4:13
0.0756,Unit_1333,2022-01-19 8:09
0.063,Unit_740,2022-01-20 3:10
0.084,Unit_741,2022-01-20 4:54
0.0966,Unit_742,2022-01-20 4:13
0.0798,Unit_1334,2022-01-20 13:35
0.084,Unit_743,2022-01-20 12:27
0.0672,Unit_744,2022-01-20 12:27
0.0924,Unit_745,2022-01-20 20:33
0.1344,Unit_746,2022-01-20 20:50
0.0798,Unit_747,2022-01-20 19:56
0.1512,Unit_748,2022-01-20 22:28
0.05039999999999999,Unit_750,2022-02-02 0:52
0.058800000000000005,Unit_751,2022-02-02 3:35
0.0924,Unit_752,2022-02-02 1:13
0.042,Unit_753,2022-02-02 4:53
0.0714,Unit_754,2022-02-08 3:43
0.0546,Unit_755,2022-02-18 4:25
0.10079999999999999,Unit_756,2022-02-18 10:08
0.0714,Unit_757,2022-02-18 5:23
0.058800000000000005,Unit_1335,2022-02-18 10:13
0.05039999999999999,Unit_758,2022-02-18 11:01
0.0462,Unit_759,2022-02-18 20:58
0.05039999999999999,Unit_760,2022-02-18 21:02
0.1596,Unit_1336,2022-02-19 0:50
0.05039999999999999,Unit_761,2022-02-19 13:56
0.08819999999999999,Unit_762,2022-02-21 0:41
0.042,Unit_763,2022-02-21 3:01
0.1092,Unit_764,2022-02-21 13:06
0.08819999999999999,Unit_1337,2022-02-26 15:10
0.0924,Unit_1338,2022-02-26 14:45
0.0462,Unit_1339,2022-02-27 10:54
0.0462,Unit_1340,2022-02-27 9:59
0.0546,Unit_1341,2022-02-27 10:42
0.0798,Unit_21,2022-03-08 17:34
0.042,Unit_765,2022-04-20 14:50
0.10079999999999999,Unit_1342,2022-04-21 8:24
